{"cameraMode":{"drawMode":0,"name":"Shaded","section":"Shading Mode"},"sceneLighting":false,"audioPlay":false,"sceneViewState":{"m_AlwaysRefresh":false,"showFog":true,"showSkybox":false,"showFlares":true,"showImageEffects":true,"showParticleSystems":true,"showVisualEffectGraphs":true,"m_FxEnabled":true},"in2DMode":false,"pivot":{"x":0.059309959411621097,"y":2.694035053253174,"z":0.8460588455200195},"rotation":{"x":-0.19275742769241334,"y":-0.21554625034332276,"z":0.043446365743875507,"w":-0.9563022255897522},"size":4.151131629943848,"orthographic":false}