{"cameraMode":{"drawMode":0,"name":"Shaded","section":"Shading Mode"},"sceneLighting":true,"audioPlay":false,"sceneViewState":{"m_AlwaysRefresh":false,"showFog":true,"showSkybox":true,"showFlares":true,"showImageEffects":true,"showParticleSystems":true,"showVisualEffectGraphs":true,"m_FxEnabled":true},"in2DMode":false,"pivot":{"x":-5.197666168212891,"y":0.20859527587890626,"z":4.678986549377441},"rotation":{"x":0.13743576407432557,"y":0.8625505566596985,"z":-0.3473286032676697,"w":0.34132081270217898},"size":8.092201232910157,"orthographic":false}