{"cameraMode":{"drawMode":0,"name":"Shaded","section":"Shading Mode"},"sceneLighting":true,"audioPlay":false,"sceneViewState":{"m_AlwaysRefresh":false,"showFog":true,"showSkybox":true,"showFlares":true,"showImageEffects":true,"showParticleSystems":true,"showVisualEffectGraphs":true,"m_FxEnabled":true},"in2DMode":false,"pivot":{"x":-14.350000381469727,"y":4.519999980926514,"z":11.847986221313477},"rotation":{"x":-0.15376663208007813,"y":0.30348917841911318,"z":-0.04969630762934685,"w":-0.9390321969985962},"size":3.694181442260742,"orthographic":false}