{"cameraMode":{"drawMode":0,"name":"Shaded","section":"Shading Mode"},"sceneLighting":true,"audioPlay":false,"sceneViewState":{"m_AlwaysRefresh":false,"showFog":true,"showSkybox":true,"showFlares":true,"showImageEffects":true,"showParticleSystems":true,"showVisualEffectGraphs":true,"m_FxEnabled":true},"in2DMode":false,"pivot":{"x":18.344017028808595,"y":3.7821595668792726,"z":48.386146545410159},"rotation":{"x":-0.03724746033549309,"y":-0.17062921822071076,"z":0.006444203667342663,"w":-0.984648585319519},"size":24.45001983642578,"orthographic":false}