{"cameraMode":{"drawMode":0,"name":"Shaded","section":"Shading Mode"},"sceneLighting":true,"audioPlay":false,"sceneViewState":{"m_AlwaysRefresh":false,"showFog":true,"showSkybox":true,"showFlares":true,"showImageEffects":true,"showParticleSystems":true,"showVisualEffectGraphs":true,"m_FxEnabled":true},"in2DMode":false,"pivot":{"x":674.4302978515625,"y":460.58270263671877,"z":39.91754150390625},"rotation":{"x":-0.02460559643805027,"y":0.011693403124809266,"z":-0.00028773638769052923,"w":-0.9996322989463806},"size":436.71966552734377,"orthographic":false}