{"cameraMode":{"drawMode":0,"name":"Shaded","section":"Shading Mode"},"sceneLighting":true,"audioPlay":false,"sceneViewState":{"m_AlwaysRefresh":false,"showFog":true,"showSkybox":true,"showFlares":true,"showImageEffects":true,"showParticleSystems":true,"showVisualEffectGraphs":true,"m_FxEnabled":true},"in2DMode":false,"pivot":{"x":-32.80819320678711,"y":0.14888453483581544,"z":-13.474162101745606},"rotation":{"x":-0.27597346901893618,"y":-0.10727713257074356,"z":0.031011944636702539,"w":-0.9546582698822022},"size":0.38017958402633669,"orthographic":false}