{"cameraMode":{"drawMode":0,"name":"Shaded","section":"Shading Mode"},"sceneLighting":true,"audioPlay":false,"sceneViewState":{"m_AlwaysRefresh":false,"showFog":true,"showSkybox":true,"showFlares":true,"showImageEffects":true,"showParticleSystems":true,"showVisualEffectGraphs":true,"m_FxEnabled":true},"in2DMode":false,"pivot":{"x":-6.082191467285156,"y":4.0374908447265629,"z":4.972698211669922},"rotation":{"x":0.2483305186033249,"y":0.05691871792078018,"z":-0.014618659391999245,"w":0.9668917059898377},"size":14.599832534790039,"orthographic":false}