{"cameraMode":{"drawMode":0,"name":"Shaded","section":"Shading Mode"},"sceneLighting":true,"audioPlay":false,"sceneViewState":{"m_AlwaysRefresh":false,"showFog":true,"showSkybox":true,"showFlares":true,"showImageEffects":true,"showParticleSystems":true,"showVisualEffectGraphs":true,"m_FxEnabled":true},"in2DMode":false,"pivot":{"x":-11.801478385925293,"y":8.536498069763184,"z":6.320876121520996},"rotation":{"x":-0.33762800693511965,"y":0.05501863360404968,"z":-0.019772890955209733,"w":-0.9394643306732178},"size":1.1208401918411255,"orthographic":false}