{"cameraMode":{"drawMode":0,"name":"Shaded","section":"Shading Mode"},"sceneLighting":true,"audioPlay":false,"sceneViewState":{"m_AlwaysRefresh":false,"showFog":true,"showSkybox":true,"showFlares":true,"showImageEffects":true,"showParticleSystems":true,"showVisualEffectGraphs":true,"m_FxEnabled":true},"in2DMode":false,"pivot":{"x":0.2214202880859375,"y":7.2087860107421879,"z":2.589327812194824},"rotation":{"x":0.08435412496328354,"y":0.9152431488037109,"z":-0.26398569345474245,"w":0.29247406125068667},"size":7.09116792678833,"orthographic":false}