{"cameraMode":{"drawMode":0,"name":"Shaded","section":"Shading Mode"},"sceneLighting":true,"audioPlay":false,"sceneViewState":{"m_AlwaysRefresh":false,"showFog":true,"showSkybox":true,"showFlares":true,"showImageEffects":true,"showParticleSystems":true,"showVisualEffectGraphs":true,"m_FxEnabled":true},"in2DMode":false,"pivot":{"x":-10.022201538085938,"y":5.464466094970703,"z":2.0477709770202638},"rotation":{"x":-0.29490357637405398,"y":0.01805528812110424,"z":-0.005573494825512171,"w":-0.9553405046463013},"size":2.30558705329895,"orthographic":false}