{"cameraMode":{"drawMode":0,"name":"Shaded","section":"Shading Mode"},"sceneLighting":true,"audioPlay":false,"sceneViewState":{"m_AlwaysRefresh":false,"showFog":true,"showSkybox":true,"showFlares":true,"showImageEffects":true,"showParticleSystems":true,"showVisualEffectGraphs":true,"m_FxEnabled":true},"in2DMode":false,"pivot":{"x":114.28326416015625,"y":13.399759292602539,"z":28.353260040283204},"rotation":{"x":-0.02461405098438263,"y":-0.030766161158680917,"z":0.00022584960970561951,"w":-0.9994357824325562},"size":25.0859317779541,"orthographic":false}