{"cameraMode":{"drawMode":0,"name":"Shaded","section":"Shading Mode"},"sceneLighting":true,"audioPlay":false,"sceneViewState":{"m_AlwaysRefresh":false,"showFog":true,"showSkybox":true,"showFlares":true,"showImageEffects":true,"showParticleSystems":true,"showVisualEffectGraphs":true,"m_FxEnabled":true},"in2DMode":false,"pivot":{"x":1.7473058700561524,"y":2.185445785522461,"z":28.338401794433595},"rotation":{"x":0.23369289934635163,"y":0.32921579480171206,"z":-0.0844942256808281,"w":0.9110559821128845},"size":12.261617660522461,"orthographic":false}