{"cameraMode":{"drawMode":0,"name":"Shaded","section":"Shading Mode"},"sceneLighting":false,"audioPlay":false,"sceneViewState":{"m_AlwaysRefresh":false,"showFog":true,"showSkybox":false,"showFlares":true,"showImageEffects":true,"showParticleSystems":true,"showVisualEffectGraphs":true,"m_FxEnabled":true},"in2DMode":false,"pivot":{"x":-11.4399995803833,"y":0.33000001311302187,"z":11.140000343322754},"rotation":{"x":0.24951544404029847,"y":0.12622946500778199,"z":-0.03282393515110016,"w":0.9595480561256409},"size":0.3618479371070862,"orthographic":false}